Sheet,Reference,Value,Footprint,Pin,Net
NIVA-controller,U1,"ESP32-C3-MINI-1-N4",NIVA:ESP32-C3-MINI-1,1,GND
NIVA-controller,U1,"ESP32-C3-MINI-1-N4",NIVA:ESP32-C3-MINI-1,2,GND
NIVA-controller,U1,"ESP32-C3-MINI-1-N4",NIVA:ESP32-C3-MINI-1,11,GND
NIVA-controller,U1,"ESP32-C3-MINI-1-N4",NIVA:ESP32-C3-MINI-1,14,GND
NIVA-controller,U1,"ESP32-C3-MINI-1-N4",NIVA:ESP32-C3-MINI-1,36,GND
NIVA-controller,U1,"ESP32-C3-MINI-1-N4",NIVA:ESP32-C3-MINI-1,37,GND
NIVA-controller,U1,"ESP32-C3-MINI-1-N4",NIVA:ESP32-C3-MINI-1,38,GND
NIVA-controller,U1,"ESP32-C3-MINI-1-N4",NIVA:ESP32-C3-MINI-1,39,GND
NIVA-controller,U1,"ESP32-C3-MINI-1-N4",NIVA:ESP32-C3-MINI-1,40,GND
NIVA-controller,U1,"ESP32-C3-MINI-1-N4",NIVA:ESP32-C3-MINI-1,41,GND
NIVA-controller,U1,"ESP32-C3-MINI-1-N4",NIVA:ESP32-C3-MINI-1,42,GND
NIVA-controller,U1,"ESP32-C3-MINI-1-N4",NIVA:ESP32-C3-MINI-1,43,GND
NIVA-controller,U1,"ESP32-C3-MINI-1-N4",NIVA:ESP32-C3-MINI-1,44,GND
NIVA-controller,U1,"ESP32-C3-MINI-1-N4",NIVA:ESP32-C3-MINI-1,45,GND
NIVA-controller,U1,"ESP32-C3-MINI-1-N4",NIVA:ESP32-C3-MINI-1,46,GND
NIVA-controller,U1,"ESP32-C3-MINI-1-N4",NIVA:ESP32-C3-MINI-1,47,GND
NIVA-controller,U1,"ESP32-C3-MINI-1-N4",NIVA:ESP32-C3-MINI-1,48,GND
NIVA-controller,U1,"ESP32-C3-MINI-1-N4",NIVA:ESP32-C3-MINI-1,49,GND
NIVA-controller,U1,"ESP32-C3-MINI-1-N4",NIVA:ESP32-C3-MINI-1,50,GND
NIVA-controller,U1,"ESP32-C3-MINI-1-N4",NIVA:ESP32-C3-MINI-1,51,GND
NIVA-controller,U1,"ESP32-C3-MINI-1-N4",NIVA:ESP32-C3-MINI-1,52,GND
NIVA-controller,U1,"ESP32-C3-MINI-1-N4",NIVA:ESP32-C3-MINI-1,53,GND
NIVA-controller,U1,"ESP32-C3-MINI-1-N4",NIVA:ESP32-C3-MINI-1,3,+3V3
NIVA-controller,U1,"ESP32-C3-MINI-1-N4",NIVA:ESP32-C3-MINI-1,5,I2C_SCL
NIVA-controller,U1,"ESP32-C3-MINI-1-N4",NIVA:ESP32-C3-MINI-1,6,BUTTON
NIVA-controller,U1,"ESP32-C3-MINI-1-N4",NIVA:ESP32-C3-MINI-1,8,CHIP_EN
NIVA-controller,U1,"ESP32-C3-MINI-1-N4",NIVA:ESP32-C3-MINI-1,12,I2C_SDA
NIVA-controller,U1,"ESP32-C3-MINI-1-N4",NIVA:ESP32-C3-MINI-1,13,IMU_INT1
NIVA-controller,U1,"ESP32-C3-MINI-1-N4",NIVA:ESP32-C3-MINI-1,16,CS_IMU
NIVA-controller,U1,"ESP32-C3-MINI-1-N4",NIVA:ESP32-C3-MINI-1,18,SPI_SCK
NIVA-controller,U1,"ESP32-C3-MINI-1-N4",NIVA:ESP32-C3-MINI-1,19,SPI_MISO
NIVA-controller,U1,"ESP32-C3-MINI-1-N4",NIVA:ESP32-C3-MINI-1,20,SPI_MOSI
NIVA-controller,U1,"ESP32-C3-MINI-1-N4",NIVA:ESP32-C3-MINI-1,21,CS_ADC
NIVA-controller,U1,"ESP32-C3-MINI-1-N4",NIVA:ESP32-C3-MINI-1,22,BOOT8
NIVA-controller,U1,"ESP32-C3-MINI-1-N4",NIVA:ESP32-C3-MINI-1,23,BOOT9
NIVA-controller,U1,"ESP32-C3-MINI-1-N4",NIVA:ESP32-C3-MINI-1,26,USB_DM
NIVA-controller,U1,"ESP32-C3-MINI-1-N4",NIVA:ESP32-C3-MINI-1,27,USB_DP
NIVA-controller,U1,"ESP32-C3-MINI-1-N4",NIVA:ESP32-C3-MINI-1,30,LED_R
NIVA-controller,U1,"ESP32-C3-MINI-1-N4",NIVA:ESP32-C3-MINI-1,31,LED_G
NIVA-controller,R1,"10k",Resistor_SMD:R_0603_1608Metric,1,+3V3
NIVA-controller,R1,"10k",Resistor_SMD:R_0603_1608Metric,2,CHIP_EN
NIVA-controller,R2,"10k",Resistor_SMD:R_0603_1608Metric,1,+3V3
NIVA-controller,R2,"10k",Resistor_SMD:R_0603_1608Metric,2,BOOT8
NIVA-controller,R3,"10k",Resistor_SMD:R_0603_1608Metric,1,+3V3
NIVA-controller,R3,"10k",Resistor_SMD:R_0603_1608Metric,2,BOOT9
NIVA-controller,R4,"4.7k",Resistor_SMD:R_0603_1608Metric,1,+3V3
NIVA-controller,R4,"4.7k",Resistor_SMD:R_0603_1608Metric,2,I2C_SCL
NIVA-controller,R5,"4.7k",Resistor_SMD:R_0603_1608Metric,1,+3V3
NIVA-controller,R5,"4.7k",Resistor_SMD:R_0603_1608Metric,2,I2C_SDA
NIVA-controller,R6,"10k",Resistor_SMD:R_0603_1608Metric,1,+3V3
NIVA-controller,R6,"10k",Resistor_SMD:R_0603_1608Metric,2,BUTTON
NIVA-controller,C1,"1u",Capacitor_SMD:C_0603_1608Metric,1,CHIP_EN
NIVA-controller,C1,"1u",Capacitor_SMD:C_0603_1608Metric,2,GND
NIVA-controller,C2,"22u 6.3V X5R",Capacitor_SMD:C_0805_2012Metric,1,+3V3
NIVA-controller,C2,"22u 6.3V X5R",Capacitor_SMD:C_0805_2012Metric,2,GND
NIVA-controller,C3,"100n",Capacitor_SMD:C_0603_1608Metric,1,+3V3
NIVA-controller,C3,"100n",Capacitor_SMD:C_0603_1608Metric,2,GND
NIVA-controller,SW1,"KMR221G (C&K KMR2)",Button_Switch_SMD:SW_Push_1P1T_NO_CK_KMR2,1,BUTTON
NIVA-controller,SW1,"KMR221G (C&K KMR2)",Button_Switch_SMD:SW_Push_1P1T_NO_CK_KMR2,2,GND
NIVA-controller,J3,"SERVICE PADS (TC2030-NL, underside)",Connector:Tag-Connect_TC2030-IDC-NL_2x03_P1.27mm_Vertical,1,+3V3
NIVA-controller,J3,"SERVICE PADS (TC2030-NL, underside)",Connector:Tag-Connect_TC2030-IDC-NL_2x03_P1.27mm_Vertical,2,CHIP_EN
NIVA-controller,J3,"SERVICE PADS (TC2030-NL, underside)",Connector:Tag-Connect_TC2030-IDC-NL_2x03_P1.27mm_Vertical,3,USB_DP
NIVA-controller,J3,"SERVICE PADS (TC2030-NL, underside)",Connector:Tag-Connect_TC2030-IDC-NL_2x03_P1.27mm_Vertical,4,USB_DM
NIVA-controller,J3,"SERVICE PADS (TC2030-NL, underside)",Connector:Tag-Connect_TC2030-IDC-NL_2x03_P1.27mm_Vertical,5,BOOT9
NIVA-controller,J3,"SERVICE PADS (TC2030-NL, underside)",Connector:Tag-Connect_TC2030-IDC-NL_2x03_P1.27mm_Vertical,6,GND
NIVA-controller,U2,"MCP3208-CI/SL",Package_SO:SOIC-16_3.9x9.9mm_P1.27mm,1,F1_ADC
NIVA-controller,U2,"MCP3208-CI/SL",Package_SO:SOIC-16_3.9x9.9mm_P1.27mm,2,F2_ADC
NIVA-controller,U2,"MCP3208-CI/SL",Package_SO:SOIC-16_3.9x9.9mm_P1.27mm,3,F3_ADC
NIVA-controller,U2,"MCP3208-CI/SL",Package_SO:SOIC-16_3.9x9.9mm_P1.27mm,4,F4_ADC
NIVA-controller,U2,"MCP3208-CI/SL",Package_SO:SOIC-16_3.9x9.9mm_P1.27mm,5,F5_ADC
NIVA-controller,U2,"MCP3208-CI/SL",Package_SO:SOIC-16_3.9x9.9mm_P1.27mm,6,PIEZO_ADC
NIVA-controller,U2,"MCP3208-CI/SL",Package_SO:SOIC-16_3.9x9.9mm_P1.27mm,7,V33_HALF
NIVA-controller,U2,"MCP3208-CI/SL",Package_SO:SOIC-16_3.9x9.9mm_P1.27mm,8,INSERT_ID
NIVA-controller,U2,"MCP3208-CI/SL",Package_SO:SOIC-16_3.9x9.9mm_P1.27mm,9,GND
NIVA-controller,U2,"MCP3208-CI/SL",Package_SO:SOIC-16_3.9x9.9mm_P1.27mm,10,CS_ADC
NIVA-controller,U2,"MCP3208-CI/SL",Package_SO:SOIC-16_3.9x9.9mm_P1.27mm,11,SPI_MOSI
NIVA-controller,U2,"MCP3208-CI/SL",Package_SO:SOIC-16_3.9x9.9mm_P1.27mm,12,SPI_MISO
NIVA-controller,U2,"MCP3208-CI/SL",Package_SO:SOIC-16_3.9x9.9mm_P1.27mm,13,SPI_SCK
NIVA-controller,U2,"MCP3208-CI/SL",Package_SO:SOIC-16_3.9x9.9mm_P1.27mm,14,GND
NIVA-controller,U2,"MCP3208-CI/SL",Package_SO:SOIC-16_3.9x9.9mm_P1.27mm,15,VEXC
NIVA-controller,U2,"MCP3208-CI/SL",Package_SO:SOIC-16_3.9x9.9mm_P1.27mm,16,+3V3
NIVA-controller,C4,"100n",Capacitor_SMD:C_0603_1608Metric,1,+3V3
NIVA-controller,C4,"100n",Capacitor_SMD:C_0603_1608Metric,2,GND
NIVA-controller,C19,"1u",Capacitor_SMD:C_0603_1608Metric,1,VEXC
NIVA-controller,C19,"1u",Capacitor_SMD:C_0603_1608Metric,2,GND
NIVA-controller,U3,"LSM6DSO32TR",Package_LGA:LGA-14_3x2.5mm_P0.5mm_LayoutBorder3x4y,1,SPI_MISO
NIVA-controller,U3,"LSM6DSO32TR",Package_LGA:LGA-14_3x2.5mm_P0.5mm_LayoutBorder3x4y,2,GND
NIVA-controller,U3,"LSM6DSO32TR",Package_LGA:LGA-14_3x2.5mm_P0.5mm_LayoutBorder3x4y,3,GND
NIVA-controller,U3,"LSM6DSO32TR",Package_LGA:LGA-14_3x2.5mm_P0.5mm_LayoutBorder3x4y,4,IMU_INT1
NIVA-controller,U3,"LSM6DSO32TR",Package_LGA:LGA-14_3x2.5mm_P0.5mm_LayoutBorder3x4y,5,+3V3
NIVA-controller,U3,"LSM6DSO32TR",Package_LGA:LGA-14_3x2.5mm_P0.5mm_LayoutBorder3x4y,6,GND
NIVA-controller,U3,"LSM6DSO32TR",Package_LGA:LGA-14_3x2.5mm_P0.5mm_LayoutBorder3x4y,7,GND
NIVA-controller,U3,"LSM6DSO32TR",Package_LGA:LGA-14_3x2.5mm_P0.5mm_LayoutBorder3x4y,8,+3V3
NIVA-controller,U3,"LSM6DSO32TR",Package_LGA:LGA-14_3x2.5mm_P0.5mm_LayoutBorder3x4y,12,CS_IMU
NIVA-controller,U3,"LSM6DSO32TR",Package_LGA:LGA-14_3x2.5mm_P0.5mm_LayoutBorder3x4y,13,SPI_SCK
NIVA-controller,U3,"LSM6DSO32TR",Package_LGA:LGA-14_3x2.5mm_P0.5mm_LayoutBorder3x4y,14,SPI_MOSI
NIVA-controller,C5,"100n",Capacitor_SMD:C_0603_1608Metric,1,+3V3
NIVA-controller,C5,"100n",Capacitor_SMD:C_0603_1608Metric,2,GND
NIVA-controller,C20,"100n",Capacitor_SMD:C_0603_1608Metric,1,+3V3
NIVA-controller,C20,"100n",Capacitor_SMD:C_0603_1608Metric,2,GND
NIVA-controller,U5,"TLV75533PDBVR",Package_TO_SOT_SMD:SOT-23-5,1,VBAT
NIVA-controller,U5,"TLV75533PDBVR",Package_TO_SOT_SMD:SOT-23-5,2,GND
NIVA-controller,U5,"TLV75533PDBVR",Package_TO_SOT_SMD:SOT-23-5,3,VBAT
NIVA-controller,U5,"TLV75533PDBVR",Package_TO_SOT_SMD:SOT-23-5,5,+3V3
NIVA-controller,C6,"4.7u 10V X5R",Capacitor_SMD:C_0603_1608Metric,1,VBAT
NIVA-controller,C6,"4.7u 10V X5R",Capacitor_SMD:C_0603_1608Metric,2,GND
NIVA-controller,C7,"10u 6.3V X5R",Capacitor_SMD:C_0603_1608Metric,1,+3V3
NIVA-controller,C7,"10u 6.3V X5R",Capacitor_SMD:C_0603_1608Metric,2,GND
NIVA-controller,C8,"100n",Capacitor_SMD:C_0603_1608Metric,1,+3V3
NIVA-controller,C8,"100n",Capacitor_SMD:C_0603_1608Metric,2,GND
NIVA-controller,U6,"MAX17048G+T10",Package_DFN_QFN:TDFN-8-1EP_2x2mm_P0.5mm_EP0.8x1.2mm,1,GND
NIVA-controller,U6,"MAX17048G+T10",Package_DFN_QFN:TDFN-8-1EP_2x2mm_P0.5mm_EP0.8x1.2mm,2,VBAT
NIVA-controller,U6,"MAX17048G+T10",Package_DFN_QFN:TDFN-8-1EP_2x2mm_P0.5mm_EP0.8x1.2mm,3,VBAT
NIVA-controller,U6,"MAX17048G+T10",Package_DFN_QFN:TDFN-8-1EP_2x2mm_P0.5mm_EP0.8x1.2mm,4,GND
NIVA-controller,U6,"MAX17048G+T10",Package_DFN_QFN:TDFN-8-1EP_2x2mm_P0.5mm_EP0.8x1.2mm,6,GND
NIVA-controller,U6,"MAX17048G+T10",Package_DFN_QFN:TDFN-8-1EP_2x2mm_P0.5mm_EP0.8x1.2mm,7,I2C_SCL
NIVA-controller,U6,"MAX17048G+T10",Package_DFN_QFN:TDFN-8-1EP_2x2mm_P0.5mm_EP0.8x1.2mm,8,I2C_SDA
NIVA-controller,U6,"MAX17048G+T10",Package_DFN_QFN:TDFN-8-1EP_2x2mm_P0.5mm_EP0.8x1.2mm,9,GND
NIVA-controller,C9,"100n",Capacitor_SMD:C_0603_1608Metric,1,VBAT
NIVA-controller,C9,"100n",Capacitor_SMD:C_0603_1608Metric,2,GND
NIVA-controller,J2,"CARTRIDGE SPRING CONTACTS (part to select)",NIVA:SpringContact_1x04_P2.54mm_Vertical_SMD,1,VBAT
NIVA-controller,J2,"CARTRIDGE SPRING CONTACTS (part to select)",NIVA:SpringContact_1x04_P2.54mm_Vertical_SMD,2,VBAT
NIVA-controller,J2,"CARTRIDGE SPRING CONTACTS (part to select)",NIVA:SpringContact_1x04_P2.54mm_Vertical_SMD,3,GND
NIVA-controller,J2,"CARTRIDGE SPRING CONTACTS (part to select)",NIVA:SpringContact_1x04_P2.54mm_Vertical_SMD,4,GND
NIVA-controller,J1,"INSERT TAIL (JST GH 10, keyed overmould)",Connector_JST:JST_GH_SM10B-GHS-TB_1x10-1MP_P1.25mm_Horizontal,1,VEXC
NIVA-controller,J1,"INSERT TAIL (JST GH 10, keyed overmould)",Connector_JST:JST_GH_SM10B-GHS-TB_1x10-1MP_P1.25mm_Horizontal,7,PVDF_RAW
NIVA-controller,J1,"INSERT TAIL (JST GH 10, keyed overmould)",Connector_JST:JST_GH_SM10B-GHS-TB_1x10-1MP_P1.25mm_Horizontal,8,GND
NIVA-controller,J1,"INSERT TAIL (JST GH 10, keyed overmould)",Connector_JST:JST_GH_SM10B-GHS-TB_1x10-1MP_P1.25mm_Horizontal,9,INSERT_ID_RAW
NIVA-controller,J1,"INSERT TAIL (JST GH 10, keyed overmould)",Connector_JST:JST_GH_SM10B-GHS-TB_1x10-1MP_P1.25mm_Horizontal,10,GND
NIVA-controller,J1,"INSERT TAIL (JST GH 10, keyed overmould)",Connector_JST:JST_GH_SM10B-GHS-TB_1x10-1MP_P1.25mm_Horizontal,2,F1_RAW
NIVA-controller,J1,"INSERT TAIL (JST GH 10, keyed overmould)",Connector_JST:JST_GH_SM10B-GHS-TB_1x10-1MP_P1.25mm_Horizontal,3,F2_RAW
NIVA-controller,J1,"INSERT TAIL (JST GH 10, keyed overmould)",Connector_JST:JST_GH_SM10B-GHS-TB_1x10-1MP_P1.25mm_Horizontal,4,F3_RAW
NIVA-controller,J1,"INSERT TAIL (JST GH 10, keyed overmould)",Connector_JST:JST_GH_SM10B-GHS-TB_1x10-1MP_P1.25mm_Horizontal,5,F4_RAW
NIVA-controller,J1,"INSERT TAIL (JST GH 10, keyed overmould)",Connector_JST:JST_GH_SM10B-GHS-TB_1x10-1MP_P1.25mm_Horizontal,6,F5_RAW
NIVA-controller,R11,"10k 0.1%",Resistor_SMD:R_0603_1608Metric,1,F1_RAW
NIVA-controller,R11,"10k 0.1%",Resistor_SMD:R_0603_1608Metric,2,GND
NIVA-controller,R21,"3.3k",Resistor_SMD:R_0603_1608Metric,1,F1_RAW
NIVA-controller,R21,"3.3k",Resistor_SMD:R_0603_1608Metric,2,F1_ADC
NIVA-controller,C11,"1u X7R",Capacitor_SMD:C_0603_1608Metric,1,F1_ADC
NIVA-controller,C11,"1u X7R",Capacitor_SMD:C_0603_1608Metric,2,GND
NIVA-controller,R12,"10k 0.1%",Resistor_SMD:R_0603_1608Metric,1,F2_RAW
NIVA-controller,R12,"10k 0.1%",Resistor_SMD:R_0603_1608Metric,2,GND
NIVA-controller,R22,"3.3k",Resistor_SMD:R_0603_1608Metric,1,F2_RAW
NIVA-controller,R22,"3.3k",Resistor_SMD:R_0603_1608Metric,2,F2_ADC
NIVA-controller,C12,"1u X7R",Capacitor_SMD:C_0603_1608Metric,1,F2_ADC
NIVA-controller,C12,"1u X7R",Capacitor_SMD:C_0603_1608Metric,2,GND
NIVA-controller,R13,"10k 0.1%",Resistor_SMD:R_0603_1608Metric,1,F3_RAW
NIVA-controller,R13,"10k 0.1%",Resistor_SMD:R_0603_1608Metric,2,GND
NIVA-controller,R23,"3.3k",Resistor_SMD:R_0603_1608Metric,1,F3_RAW
NIVA-controller,R23,"3.3k",Resistor_SMD:R_0603_1608Metric,2,F3_ADC
NIVA-controller,C13,"1u X7R",Capacitor_SMD:C_0603_1608Metric,1,F3_ADC
NIVA-controller,C13,"1u X7R",Capacitor_SMD:C_0603_1608Metric,2,GND
NIVA-controller,R14,"10k 0.1%",Resistor_SMD:R_0603_1608Metric,1,F4_RAW
NIVA-controller,R14,"10k 0.1%",Resistor_SMD:R_0603_1608Metric,2,GND
NIVA-controller,R24,"3.3k",Resistor_SMD:R_0603_1608Metric,1,F4_RAW
NIVA-controller,R24,"3.3k",Resistor_SMD:R_0603_1608Metric,2,F4_ADC
NIVA-controller,C14,"1u X7R",Capacitor_SMD:C_0603_1608Metric,1,F4_ADC
NIVA-controller,C14,"1u X7R",Capacitor_SMD:C_0603_1608Metric,2,GND
NIVA-controller,R15,"10k 0.1%",Resistor_SMD:R_0603_1608Metric,1,F5_RAW
NIVA-controller,R15,"10k 0.1%",Resistor_SMD:R_0603_1608Metric,2,GND
NIVA-controller,R25,"3.3k",Resistor_SMD:R_0603_1608Metric,1,F5_RAW
NIVA-controller,R25,"3.3k",Resistor_SMD:R_0603_1608Metric,2,F5_ADC
NIVA-controller,C15,"1u X7R",Capacitor_SMD:C_0603_1608Metric,1,F5_ADC
NIVA-controller,C15,"1u X7R",Capacitor_SMD:C_0603_1608Metric,2,GND
NIVA-controller,R33,"220",Resistor_SMD:R_0603_1608Metric,1,+3V3
NIVA-controller,R33,"220",Resistor_SMD:R_0603_1608Metric,2,VEXC
NIVA-controller,C18,"1u",Capacitor_SMD:C_0603_1608Metric,1,VEXC
NIVA-controller,C18,"1u",Capacitor_SMD:C_0603_1608Metric,2,GND
NIVA-controller,R31,"10k 1%",Resistor_SMD:R_0603_1608Metric,1,+3V3
NIVA-controller,R31,"10k 1%",Resistor_SMD:R_0603_1608Metric,2,V33_HALF
NIVA-controller,R32,"10k 1%",Resistor_SMD:R_0603_1608Metric,1,V33_HALF
NIVA-controller,R32,"10k 1%",Resistor_SMD:R_0603_1608Metric,2,GND
NIVA-controller,C16,"100n",Capacitor_SMD:C_0603_1608Metric,1,V33_HALF
NIVA-controller,C16,"100n",Capacitor_SMD:C_0603_1608Metric,2,GND
NIVA-controller,R30,"10k 0.1%",Resistor_SMD:R_0603_1608Metric,1,VEXC
NIVA-controller,R30,"10k 0.1%",Resistor_SMD:R_0603_1608Metric,2,INSERT_ID_RAW
NIVA-controller,R34,"3.3k",Resistor_SMD:R_0603_1608Metric,1,INSERT_ID_RAW
NIVA-controller,R34,"3.3k",Resistor_SMD:R_0603_1608Metric,2,INSERT_ID
NIVA-controller,C17,"1u",Capacitor_SMD:C_0603_1608Metric,1,INSERT_ID
NIVA-controller,C17,"1u",Capacitor_SMD:C_0603_1608Metric,2,GND
NIVA-heel-and-indicator,R40,"100k",Resistor_SMD:R_0603_1608Metric,1,VEXC
NIVA-heel-and-indicator,R40,"100k",Resistor_SMD:R_0603_1608Metric,2,VMID
NIVA-heel-and-indicator,R41,"100k",Resistor_SMD:R_0603_1608Metric,1,VMID
NIVA-heel-and-indicator,R41,"100k",Resistor_SMD:R_0603_1608Metric,2,GND
NIVA-heel-and-indicator,C40,"1u",Capacitor_SMD:C_0603_1608Metric,1,VMID
NIVA-heel-and-indicator,C40,"1u",Capacitor_SMD:C_0603_1608Metric,2,GND
NIVA-heel-and-indicator,R42,"100k",Resistor_SMD:R_0603_1608Metric,1,PVDF_RAW
NIVA-heel-and-indicator,R42,"100k",Resistor_SMD:R_0603_1608Metric,2,PZ_BIAS
NIVA-heel-and-indicator,R43,"10M",Resistor_SMD:R_0603_1608Metric,1,VMID
NIVA-heel-and-indicator,R43,"10M",Resistor_SMD:R_0603_1608Metric,2,PZ_BIAS
NIVA-heel-and-indicator,U4,"MCP6001T-I/OT",Package_TO_SOT_SMD:SOT-23-5,1,PZ_BUF
NIVA-heel-and-indicator,U4,"MCP6001T-I/OT",Package_TO_SOT_SMD:SOT-23-5,2,GND
NIVA-heel-and-indicator,U4,"MCP6001T-I/OT",Package_TO_SOT_SMD:SOT-23-5,3,PZ_BIAS
NIVA-heel-and-indicator,U4,"MCP6001T-I/OT",Package_TO_SOT_SMD:SOT-23-5,4,PZ_BUF
NIVA-heel-and-indicator,U4,"MCP6001T-I/OT",Package_TO_SOT_SMD:SOT-23-5,5,+3V3
NIVA-heel-and-indicator,R44,"1k",Resistor_SMD:R_0603_1608Metric,1,PZ_BUF
NIVA-heel-and-indicator,R44,"1k",Resistor_SMD:R_0603_1608Metric,2,PIEZO_ADC
NIVA-heel-and-indicator,C41,"470n",Capacitor_SMD:C_0603_1608Metric,1,PIEZO_ADC
NIVA-heel-and-indicator,C41,"470n",Capacitor_SMD:C_0603_1608Metric,2,GND
NIVA-heel-and-indicator,C42,"100n",Capacitor_SMD:C_0603_1608Metric,1,+3V3
NIVA-heel-and-indicator,C42,"100n",Capacitor_SMD:C_0603_1608Metric,2,GND
NIVA-heel-and-indicator,D2,"BAV199",Package_TO_SOT_SMD:SOT-23,1,GND
NIVA-heel-and-indicator,D2,"BAV199",Package_TO_SOT_SMD:SOT-23,3,PZ_BIAS
NIVA-heel-and-indicator,D2,"BAV199",Package_TO_SOT_SMD:SOT-23,2,+3V3
NIVA-heel-and-indicator,R45,"1k",Resistor_SMD:R_0603_1608Metric,1,LED_R
NIVA-heel-and-indicator,R45,"1k",Resistor_SMD:R_0603_1608Metric,2,LED_R_A
NIVA-heel-and-indicator,R46,"680",Resistor_SMD:R_0603_1608Metric,1,LED_G
NIVA-heel-and-indicator,R46,"680",Resistor_SMD:R_0603_1608Metric,2,LED_G_A
NIVA-heel-and-indicator,D4,"RED 0603",LED_SMD:LED_0603_1608Metric,1,GND
NIVA-heel-and-indicator,D4,"RED 0603",LED_SMD:LED_0603_1608Metric,2,LED_R_A
NIVA-heel-and-indicator,D5,"YELLOW-GREEN 570nm 0603",LED_SMD:LED_0603_1608Metric,1,GND
NIVA-heel-and-indicator,D5,"YELLOW-GREEN 570nm 0603",LED_SMD:LED_0603_1608Metric,2,LED_G_A
