"Reference","Value","Footprint","MPN","QUANTITY"
"C1,C17-C19,C40","1u","Capacitor_SMD:C_0603_1608Metric","","5"
"C2","22u 6.3V X5R","Capacitor_SMD:C_0805_2012Metric","","1"
"C3-C5,C8,C9,C16,C20,C42","100n","Capacitor_SMD:C_0603_1608Metric","","8"
"C6","4.7u 10V X5R","Capacitor_SMD:C_0603_1608Metric","","1"
"C7","10u 6.3V X5R","Capacitor_SMD:C_0603_1608Metric","","1"
"C11-C15","1u X7R","Capacitor_SMD:C_0603_1608Metric","","5"
"C41","470n","Capacitor_SMD:C_0603_1608Metric","","1"
"D2","BAV199","Package_TO_SOT_SMD:SOT-23","BAV199,215 (Nexperia) low-leakage series pair, SOT-23","1"
"D4","RED 0603","LED_SMD:LED_0603_1608Metric","","1"
"D5","YELLOW-GREEN 570nm 0603","LED_SMD:LED_0603_1608Metric","","1"
"J1","INSERT TAIL (JST GH 10, keyed overmould)","Connector_JST:JST_GH_SM10B-GHS-TB_1x10-1MP_P1.25mm_Horizontal","SM10B-GHS-TB","1"
"J2","CARTRIDGE SPRING CONTACTS (part to select)","NIVA:SpringContact_1x04_P2.54mm_Vertical_SMD","","1"
"R1-R3,R6","10k","Resistor_SMD:R_0603_1608Metric","","4"
"R4,R5","4.7k","Resistor_SMD:R_0603_1608Metric","","2"
"R11-R15,R30","10k 0.1%","Resistor_SMD:R_0603_1608Metric","","6"
"R21-R25,R34","3.3k","Resistor_SMD:R_0603_1608Metric","","6"
"R31,R32","10k 1%","Resistor_SMD:R_0603_1608Metric","","2"
"R33","220","Resistor_SMD:R_0603_1608Metric","","1"
"R40-R42","100k","Resistor_SMD:R_0603_1608Metric","","3"
"R43","10M","Resistor_SMD:R_0603_1608Metric","","1"
"R44,R45","1k","Resistor_SMD:R_0603_1608Metric","","2"
"R46","680","Resistor_SMD:R_0603_1608Metric","","1"
"SW1","KMR221G (C&K KMR2)","Button_Switch_SMD:SW_Push_1P1T_NO_CK_KMR2","","1"
"U1","ESP32-C3-MINI-1-N4","NIVA:ESP32-C3-MINI-1","ESP32-C3-MINI-1-N4","1"
"U2","MCP3208-CI/SL","Package_SO:SOIC-16_3.9x9.9mm_P1.27mm","MCP3208-CI/SL","1"
"U3","LSM6DSO32TR","Package_LGA:LGA-14_3x2.5mm_P0.5mm_LayoutBorder3x4y","LSM6DSO32TR","1"
"U4","MCP6001T-I/OT","Package_TO_SOT_SMD:SOT-23-5","MCP6001T-I/OT","1"
"U5","TLV75533PDBVR","Package_TO_SOT_SMD:SOT-23-5","TLV75533PDBVR","1"
"U6","MAX17048G+T10","Package_DFN_QFN:TDFN-8-1EP_2x2mm_P0.5mm_EP0.8x1.2mm","MAX17048G+T10","1"
