Ref,Val,Package,PosX,PosY,Rot,Side
"J2","CARTRIDGE SPRING CONTACTS (part to select)","SpringContact_1x04_P2.54mm_Vertical_SMD",129.000000,-78.500000,0.000000,bottom
"C1","1u","C_0603_1608Metric",108.300000,-57.500000,90.000000,top
"C2","22u 6.3V X5R","C_0805_2012Metric",111.600000,-61.100000,0.000000,top
"C3","100n","C_0603_1608Metric",112.200000,-53.500000,90.000000,top
"C4","100n","C_0603_1608Metric",107.000000,-68.400000,0.000000,top
"C5","100n","C_0603_1608Metric",129.800000,-57.800000,90.000000,top
"C6","4.7u 10V X5R","C_0603_1608Metric",135.600000,-64.500000,90.000000,top
"C7","10u 6.3V X5R","C_0603_1608Metric",126.700000,-65.200000,90.000000,top
"C8","100n","C_0603_1608Metric",131.000000,-61.800000,0.000000,top
"C9","100n","C_0603_1608Metric",135.600000,-69.800000,90.000000,top
"C11","1u X7R","C_0603_1608Metric",105.400000,-82.100000,90.000000,top
"C12","1u X7R","C_0603_1608Metric",107.200000,-82.100000,90.000000,top
"C13","1u X7R","C_0603_1608Metric",109.000000,-82.100000,90.000000,top
"C14","1u X7R","C_0603_1608Metric",110.800000,-82.100000,90.000000,top
"C15","1u X7R","C_0603_1608Metric",112.600000,-82.100000,90.000000,top
"C16","100n","C_0603_1608Metric",130.600000,-85.600000,90.000000,top
"C17","1u","C_0603_1608Metric",136.000000,-85.600000,90.000000,top
"C18","1u","C_0603_1608Metric",125.200000,-85.600000,90.000000,top
"C19","1u","C_0603_1608Metric",111.000000,-68.400000,0.000000,top
"C20","100n","C_0603_1608Metric",136.700000,-57.500000,90.000000,top
"C40","1u","C_0603_1608Metric",119.800000,-82.100000,90.000000,top
"C41","470n","C_0603_1608Metric",127.000000,-82.100000,90.000000,top
"C42","100n","C_0603_1608Metric",128.800000,-82.100000,90.000000,top
"D2","BAV199","SOT-23",131.500000,-82.100000,90.000000,top
"D4","RED 0603","LED_0603_1608Metric",119.400000,-68.500000,0.000000,top
"D5","YELLOW-GREEN 570nm 0603","LED_0603_1608Metric",122.800000,-68.500000,0.000000,top
"J1","INSERT TAIL (JST GH 10, keyed overmould)","JST_GH_SM10B-GHS-TB_1x10-1MP_P1.25mm_Horizontal",121.000000,-91.000000,0.000000,top
"R1","10k","R_0603_1608Metric",105.500000,-57.500000,90.000000,top
"R2","10k","R_0603_1608Metric",111.000000,-57.500000,90.000000,top
"R3","10k","R_0603_1608Metric",106.200000,-61.100000,0.000000,top
"R4","4.7k","R_0603_1608Metric",130.000000,-74.000000,0.000000,top
"R5","4.7k","R_0603_1608Metric",134.200000,-74.000000,0.000000,top
"R6","10k","R_0603_1608Metric",114.400000,-82.100000,90.000000,top
"R11","10k 0.1%","R_0603_1608Metric",105.400000,-85.600000,90.000000,top
"R12","10k 0.1%","R_0603_1608Metric",109.000000,-85.600000,90.000000,top
"R13","10k 0.1%","R_0603_1608Metric",112.600000,-85.600000,90.000000,top
"R14","10k 0.1%","R_0603_1608Metric",116.200000,-85.600000,90.000000,top
"R15","10k 0.1%","R_0603_1608Metric",119.800000,-85.600000,90.000000,top
"R21","3.3k","R_0603_1608Metric",107.200000,-85.600000,90.000000,top
"R22","3.3k","R_0603_1608Metric",110.800000,-85.600000,90.000000,top
"R23","3.3k","R_0603_1608Metric",114.400000,-85.600000,90.000000,top
"R24","3.3k","R_0603_1608Metric",118.000000,-85.600000,90.000000,top
"R25","3.3k","R_0603_1608Metric",121.600000,-85.600000,90.000000,top
"R30","10k 0.1%","R_0603_1608Metric",132.400000,-85.600000,90.000000,top
"R31","10k 1%","R_0603_1608Metric",127.000000,-85.600000,90.000000,top
"R32","10k 1%","R_0603_1608Metric",128.800000,-85.600000,90.000000,top
"R33","220","R_0603_1608Metric",123.400000,-85.600000,90.000000,top
"R34","3.3k","R_0603_1608Metric",134.200000,-85.600000,90.000000,top
"R40","100k","R_0603_1608Metric",116.200000,-82.100000,90.000000,top
"R41","100k","R_0603_1608Metric",118.000000,-82.100000,90.000000,top
"R42","100k","R_0603_1608Metric",121.600000,-82.100000,90.000000,top
"R43","10M","R_0603_1608Metric",123.400000,-82.100000,90.000000,top
"R44","1k","R_0603_1608Metric",125.200000,-82.100000,90.000000,top
"R45","1k","R_0603_1608Metric",126.400000,-67.600000,0.000000,top
"R46","680","R_0603_1608Metric",126.400000,-69.400000,0.000000,top
"SW1","KMR221G (C&K KMR2)","SW_Push_1P1T_NO_CK_KMR2",121.000000,-78.000000,0.000000,top
"U1","ESP32-C3-MINI-1-N4","ESP32-C3-MINI-1",121.000000,-54.550000,0.000000,top
"U2","MCP3208-CI/SL","SOIC-16_3.9x9.9mm_P1.27mm",111.000000,-74.000000,90.000000,top
"U3","LSM6DSO32TR","LGA-14_3x2.5mm_P0.5mm_LayoutBorder3x4y",133.500000,-57.500000,0.000000,top
"U4","MCP6001T-I/OT","SOT-23-5",133.000000,-77.800000,0.000000,top
"U5","TLV75533PDBVR","SOT-23-5",130.500000,-65.200000,0.000000,top
"U6","MAX17048G+T10","TDFN-8-1EP_2x2mm_P0.5mm_EP0.8x1.2mm",131.500000,-70.500000,0.000000,top
